{
  "agda": {
    "revision": "80ea622cf952a0059e168e5c92a798b2f1925652"
  },
  "astro": {
    "revision": "947e93089e60c66e681eba22283f4037841451e7"
  },
  "bash": {
    "revision": "275effdfc0edce774acf7d481f9ea195c6c403cd"
  },
  "beancount": {
    "revision": "4cbd1f09cd07c1f1fabf867c2cf354f9da53cc4c"
  },
  "bibtex": {
    "revision": "ccfd77db0ed799b6c22c214fe9d2937f47bc8b34"
  },
  "blueprint": {
    "revision": "6ef91ca8270f0112b9c6d27ecb9966c741a5d103"
  },
  "c": {
    "revision": "7175a6dd5fc1cee660dce6fe23f6043d75af424a"
  },
  "c_sharp": {
    "revision": "7a47daeaf0d410dd1a91c97b274bb7276dd96605"
  },
  "clojure": {
    "revision": "087bac78c53fe1387756cd5b8e68a69b3f6d7244"
  },
  "cmake": {
    "revision": "6e51463ef3052dd3b328322c22172eda093727ad"
  },
  "comment": {
    "revision": "a37ca370310ac6f89b6e0ebf2b86b2219780494e"
  },
  "commonlisp": {
    "revision": "c7e814975ab0d0d04333d1f32391c41180c58919"
  },
  "cooklang": {
    "revision": "5e113412aadb78955c27010daa4dbe1d202013cf"
  },
  "cpp": {
    "revision": "f40125503642845492d87fa56ece3ed26a4ef4db"
  },
  "css": {
    "revision": "769203d0f9abe1a9a691ac2b9fe4bb4397a73c51"
  },
  "cuda": {
    "revision": "cb72fa0fb94fccf59de5ac94b42be3601cf63fb5"
  },
  "d": {
    "revision": "c2fbf21bd3aa45495fe13247e040ad5815250032"
  },
  "dart": {
    "revision": "53485a8f301254e19c518aa20c80f1bcf7cf5c62"
  },
  "devicetree": {
    "revision": "ea30a05d0f0446a96d8b096ad11828ad4f8ad849"
  },
  "dockerfile": {
    "revision": "25c71d6a24cdba8f0c74ef40d4d2d93defd7e196"
  },
  "dot": {
    "revision": "9ab85550c896d8b294d9b9ca1e30698736f08cea"
  },
  "eex": {
    "revision": "f742f2fe327463335e8671a87c0b9b396905d1d1"
  },
  "elixir": {
    "revision": "05e3631c6a0701c1fa518b0fee7be95a2ceef5e2"
  },
  "elm": {
    "revision": "cce0e5938e7779f86cf8bf445eadf7df4b88229d"
  },
  "elvish": {
    "revision": "e50787cadd3bc54f6d9c0704493a79078bb8a4e5"
  },
  "embdedded_template": {
    "revision": "d21df11b0ecc6fd211dbe11278e92ef67bd17e97"
  },
  "embedded_template": {
    "revision": "1a538da253d73f896b9f6c0c7d79cda58791ac5c"
  },
  "erlang": {
    "revision": "fab680273af1a8f5cc0c3a0c62cbf5b1bea71f39"
  },
  "fennel": {
    "revision": "517195970428aacca60891b050aa53eabf4ba78d"
  },
  "fish": {
    "revision": "84436cf24c2b3176bfbb220922a0fdbd0141e406"
  },
  "foam": {
    "revision": "fdb7f14b885abfc4df57728c9b2a2f2ad24d3cb7"
  },
  "fortran": {
    "revision": "f0f2f100952a353e64e26b0fa710b4c296d7af13"
  },
  "fusion": {
    "revision": "19db2f47ba4c3a0f6238d4ae0e2abfca16e61dd6"
  },
  "gdscript": {
    "revision": "2a6abdaa47fcb91397e09a97c7433fd995ea46c6"
  },
  "gitattributes": {
    "revision": "cee9f8865694b29bb9e85e0b90805f92ad3fc47e"
  },
  "gitignore": {
    "revision": "f4685bf11ac466dd278449bcfe5fd014e94aa504"
  },
  "gleam": {
    "revision": "cfcbca3f8f734773878e00d7bfcedea98eb10be2"
  },
  "glimmer": {
    "revision": "99f2d6519c686dccc20dff513e744c1bb77224fd"
  },
  "glsl": {
    "revision": "a743ada24fa17da9acc5665133f07d56e03530be"
  },
  "go": {
    "revision": "aeb2f33b366fd78d5789ff104956ce23508b85db"
  },
  "godot_resource": {
    "revision": "b6ef0768711086a86b3297056f9ffb5cc1d77b4a"
  },
  "gomod": {
    "revision": "4a65743dbc2bb3094114dd2b43da03c820aa5234"
  },
  "gowork": {
    "revision": "6dd9dd79fb51e9f2abc829d5e97b15015b6a8ae2"
  },
  "graphql": {
    "revision": "5e66e961eee421786bdda8495ed1db045e06b5fe"
  },
  "hack": {
    "revision": "b7bd6928532ada34dddb1dece4a158ab62c6e783"
  },
  "haskell": {
    "revision": "e30bdfd53eb28c73f26a68b77d436fd2140af167"
  },
  "hcl": {
    "revision": "45ce22c16ec924e34517cf785e23c07952e45893"
  },
  "heex": {
    "revision": "5dac098ccb72d22205878bb9635a6883355fb87c"
  },
  "help": {
    "revision": "5be26866a7fea022ad7efe9a521e953eeb507c0d"
  },
  "hjson": {
    "revision": "02fa3b79b3ff9a296066da6277adfc3f26cbc9e0"
  },
  "hlsl": {
    "revision": "ecdce455eaa3c4089be9f4b202144083b9574a2e"
  },
  "hocon": {
    "revision": "bb412e2633f4a3611a4e16efe58d917093bb4782"
  },
  "html": {
    "revision": "29f53d8f4f2335e61bf6418ab8958dac3282077a"
  },
  "http": {
    "revision": "30a9c1789d64429a830802cde5b1760ff1064312"
  },
  "java": {
    "revision": "81148c0902125150d616ea30190a630c86974a7a"
  },
  "javascript": {
    "revision": "936d976a782e75395d9b1c8c7c7bf4ba6fe0d86b"
  },
  "jsdoc": {
    "revision": "189a6a4829beb9cdbe837260653b4a3dfb0cc3db"
  },
  "json": {
    "revision": "11e2cc12d9b267766fb11a06e52952792fd8e3f0"
  },
  "json5": {
    "revision": "5dd5cdc418d9659682556b6adca2dd9ace0ac6d2"
  },
  "jsonc": {
    "revision": "02b01653c8a1c198ae7287d566efa86a135b30d5"
  },
  "jsonnet": {
    "revision": "0475a5017ad7dc84845d1d33187f2321abcb261d"
  },
  "julia": {
    "revision": "0572cebf7b8e8ef5990b4d1e7f44f0b36f62922c"
  },
  "kotlin": {
    "revision": "a4f71eb9b8c9b19ded3e0e9470be4b1b77c2b569"
  },
  "lalrpop": {
    "revision": "7744b56f03ac1e5643fad23c9dd90837fe97291e"
  },
  "latex": {
    "revision": "b3b2cf27f33e71438ebe46934900b1153901c6f2"
  },
  "ledger": {
    "revision": "47b8971448ce5e9abac865f450c1b14fb3b6eee9"
  },
  "llvm": {
    "revision": "e9948edc41e9e5869af99dddb2b5ff5cc5581af6"
  },
  "lua": {
    "revision": "887dfd4e83c469300c279314ff1619b1d0b85b91"
  },
  "m68k": {
    "revision": "d097b123f19c6eaba2bf181c05420d88b9fc489d"
  },
  "make": {
    "revision": "a4b9187417d6be349ee5fd4b6e77b4172c6827dd"
  },
  "markdown": {
    "revision": "e375ba95ff9a12418f9b9e7c190f549d08b5380a"
  },
  "markdown_inline": {
    "revision": "e375ba95ff9a12418f9b9e7c190f549d08b5380a"
  },
  "menhir": {
    "revision": "db7953acb0d5551f207373c81fa07a57d7b085cb"
  },
  "meson": {
    "revision": "13d86d307b421a48d787ce4148371816356de040"
  },
  "ninja": {
    "revision": "0a95cfdc0745b6ae82f60d3a339b37f19b7b9267"
  },
  "nix": {
    "revision": "6b71a810c0acd49b980c50fc79092561f7cee307"
  },
  "norg": {
    "revision": "31990db6340084cf7770fdadcb3c1d6a438f263a"
  },
  "ocaml": {
    "revision": "cc26b1ef111100f26a137bcbcd39fd4e35be9a59"
  },
  "ocaml_interface": {
    "revision": "cc26b1ef111100f26a137bcbcd39fd4e35be9a59"
  },
  "ocamllex": {
    "revision": "ac1d5957e719d49bd6acd27439b79843e4daf8ed"
  },
  "org": {
    "revision": "eb1e080361ad885e3885d1037d9b57f81b579de8"
  },
  "pascal": {
    "revision": "2fd40f477d3e2794af152618ccfac8d92eb72a66"
  },
  "perl": {
    "revision": "ff5c3108083af6fcb7575e32a7558b8165a05bcd"
  },
  "php": {
    "revision": "670d1eb6822d8c7ade1c71232e0bef42757b9da7"
  },
  "phpdoc": {
    "revision": "46d6366a66266f1e9ae00ee7ea27aa9de629ade6"
  },
  "pioasm": {
    "revision": "924aadaf5dea2a6074d72027b064f939acf32e20"
  },
  "prisma": {
    "revision": "17a59236ac25413b81b1613ea6ba5d8d52d7cd6c"
  },
  "proto": {
    "revision": "42d82fa18f8afe59b5fc0b16c207ee4f84cb185f"
  },
  "pug": {
    "revision": "63e214905970e75f065688b1e8aa90823c3aacdc"
  },
  "python": {
    "revision": "de221eccf9a221f5b85474a553474a69b4b5784d"
  },
  "ql": {
    "revision": "bd087020f0d8c183080ca615d38de0ec827aeeaf"
  },
  "qmljs": {
    "revision": "3bcf9c4d0911e74307c6d704c1ea242a1e4a2f94"
  },
  "query": {
    "revision": "5217c6805c09f8fc00ed13d17d5fcb791437aee6"
  },
  "r": {
    "revision": "205c2877af33a814386ff275031f88400a011397"
  },
  "racket": {
    "revision": "b9b2e7454d7098e44595dd8c1b471b9d1518b910"
  },
  "rasi": {
    "revision": "12391343979463a2484e6353e5afb6dcb8c31e8b"
  },
  "regex": {
    "revision": "e1cfca3c79896ff79842f057ea13e529b66af636"
  },
  "rego": {
    "revision": "6d70da3a998fd0081efc5d1019c71e74cc1568e9"
  },
  "rnoweb": {
    "revision": "a2562aa0c21fdf4954a30904495119b328b14301"
  },
  "rst": {
    "revision": "25e6328872ac3a764ba8b926aea12719741103f1"
  },
  "ruby": {
    "revision": "656abef0645caea793e33c1c773570722463e1d8"
  },
  "rust": {
    "revision": "47b061c1e1ba3a7e9c2f450363a50e87de3f7c61"
  },
  "scala": {
    "revision": "140c96cf398693189d4e50f76d19ddfcd8a018f8"
  },
  "scheme": {
    "revision": "2ae1dee116a7612b97dc2179be94ec06ebaaa0d6"
  },
  "scss": {
    "revision": "c478c6868648eff49eb04a4df90d703dc45b312a"
  },
  "slint": {
    "revision": "8d85c71d4b1b9f7a76c1bca2e1a3b3a2f3d8ee1a"
  },
  "solidity": {
    "revision": "52ed0880c0126df2f2c7693f215fe6f38e4a2e0a"
  },
  "sparql": {
    "revision": "05f949d3c1c15e3261473a244d3ce87777374dec"
  },
  "sql": {
    "revision": "761c744f1d397deaad2c38e49db85cb64807bf03"
  },
  "supercollider": {
    "revision": "90c6d9f777d2b8c4ce497c48b5f270a44bcf3ea0"
  },
  "surface": {
    "revision": "f4586b35ac8548667a9aaa4eae44456c1f43d032"
  },
  "svelte": {
    "revision": "52e122ae68b316d3aa960a0a422d3645ba717f42"
  },
  "swift": {
    "revision": "500f49c2e9a4424df510faaaafcf5e80f2b9e721"
  },
  "sxhkdrc": {
    "revision": "440d5f913d9465c9c776a1bd92334d32febcf065"
  },
  "teal": {
    "revision": "1ae8c68e90523b26b93af56feb7868fe4214e2b2"
  },
  "tiger": {
    "revision": "eb1d3714998977ae76ca7c6a102b10ee37efc2b5"
  },
  "tlaplus": {
    "revision": "deaf0e5c573ad4e2bbfc9a29abb7b6dcb572556e"
  },
  "todotxt": {
    "revision": "0207f6a4ab6aeafc4b091914d31d8235049a2578"
  },
  "toml": {
    "revision": "8bd2056818b21860e3d756b5a58c4f6e05fb744e"
  },
  "tsx": {
    "revision": "082da44a5263599186dadafd2c974c19f3a73d28"
  },
  "turtle": {
    "revision": "085437f5cb117703b7f520dd92161140a684f092"
  },
  "typescript": {
    "revision": "082da44a5263599186dadafd2c974c19f3a73d28"
  },
  "v": {
    "revision": "93767cb0adef03dead4155d9e500ca2a0b44c133"
  },
  "vala": {
    "revision": "8f690bfa639f2b83d1fb938ed3dd98a7ba453e8b"
  },
  "verilog": {
    "revision": "4457145e795b363f072463e697dfe2f6973c9a52"
  },
  "vim": {
    "revision": "f8c5c653f9392ec9daad6a513374486cee66bb54"
  },
  "vue": {
    "revision": "91fe2754796cd8fba5f229505a23fa08f3546c06"
  },
  "wgsl": {
    "revision": "272e89ef2aeac74178edb9db4a83c1ffef80a463"
  },
  "yaml": {
    "revision": "0e36bed171768908f331ff7dff9d956bae016efb"
  },
  "yang": {
    "revision": "8e9d175982afcefa3dac8ca20d40d1643accd2bd"
  },
  "zig": {
    "revision": "8d3224c3bd0890fe08358886ebf54fca2ed448a6"
  }
}
